movie_id,title
1,Movie_1
2,Movie_2
3,Movie_3
4,Movie_4
5,Movie_5
6,Movie_6
7,Movie_7
8,Movie_8
9,Movie_9
10,Movie_10
11,Movie_11
12,Movie_12
13,Movie_13
14,Movie_14
15,Movie_15
16,Movie_16
17,Movie_17
18,Movie_18
19,Movie_19
20,Movie_20
21,Movie_21
22,Movie_22
23,Movie_23
24,Movie_24
25,Movie_25
26,Movie_26
27,Movie_27
28,Movie_28
29,Movie_29
30,Movie_30
31,Movie_31
32,Movie_32
33,Movie_33
34,Movie_34
35,Movie_35
36,Movie_36
37,Movie_37
38,Movie_38
39,Movie_39
40,Movie_40
41,Movie_41
42,Movie_42
43,Movie_43
44,Movie_44
45,Movie_45
46,Movie_46
47,Movie_47
48,Movie_48
49,Movie_49
50,Movie_50
51,Movie_51
52,Movie_52
53,Movie_53
54,Movie_54
55,Movie_55
56,Movie_56
57,Movie_57
58,Movie_58
59,Movie_59
60,Movie_60
61,Movie_61
62,Movie_62
63,Movie_63
64,Movie_64
65,Movie_65
66,Movie_66
67,Movie_67
68,Movie_68
69,Movie_69
70,Movie_70
71,Movie_71
72,Movie_72
73,Movie_73
74,Movie_74
75,Movie_75
76,Movie_76
77,Movie_77
78,Movie_78
79,Movie_79
80,Movie_80
81,Movie_81
82,Movie_82
83,Movie_83
84,Movie_84
85,Movie_85
86,Movie_86
87,Movie_87
88,Movie_88
89,Movie_89
90,Movie_90
91,Movie_91
92,Movie_92
93,Movie_93
94,Movie_94
95,Movie_95
96,Movie_96
97,Movie_97
98,Movie_98
99,Movie_99
100,Movie_100
101,Movie_101
102,Movie_102
103,Movie_103
104,Movie_104
105,Movie_105
106,Movie_106
107,Movie_107
108,Movie_108
109,Movie_109
110,Movie_110
111,Movie_111
112,Movie_112
113,Movie_113
114,Movie_114
115,Movie_115
116,Movie_116
117,Movie_117
118,Movie_118
119,Movie_119
120,Movie_120
121,Movie_121
122,Movie_122
123,Movie_123
124,Movie_124
125,Movie_125
126,Movie_126
127,Movie_127
128,Movie_128
129,Movie_129
130,Movie_130
131,Movie_131
132,Movie_132
133,Movie_133
134,Movie_134
135,Movie_135
136,Movie_136
137,Movie_137
138,Movie_138
139,Movie_139
140,Movie_140
141,Movie_141
142,Movie_142
143,Movie_143
144,Movie_144
145,Movie_145
146,Movie_146
147,Movie_147
148,Movie_148
149,Movie_149
150,Movie_150
