user_id,name
1,User_1
2,User_2
3,User_3
4,User_4
5,User_5
6,User_6
7,User_7
8,User_8
9,User_9
10,User_10
11,User_11
12,User_12
13,User_13
14,User_14
15,User_15
16,User_16
17,User_17
18,User_18
19,User_19
20,User_20
21,User_21
22,User_22
23,User_23
24,User_24
25,User_25
26,User_26
27,User_27
28,User_28
29,User_29
30,User_30
31,User_31
32,User_32
33,User_33
34,User_34
35,User_35
36,User_36
37,User_37
38,User_38
39,User_39
40,User_40
41,User_41
42,User_42
43,User_43
44,User_44
45,User_45
46,User_46
47,User_47
48,User_48
49,User_49
50,User_50
51,User_51
52,User_52
53,User_53
54,User_54
55,User_55
56,User_56
57,User_57
58,User_58
59,User_59
60,User_60
61,User_61
62,User_62
63,User_63
64,User_64
65,User_65
66,User_66
67,User_67
68,User_68
69,User_69
70,User_70
71,User_71
72,User_72
73,User_73
74,User_74
75,User_75
76,User_76
77,User_77
78,User_78
79,User_79
80,User_80
81,User_81
82,User_82
83,User_83
84,User_84
85,User_85
86,User_86
87,User_87
88,User_88
89,User_89
90,User_90
91,User_91
92,User_92
93,User_93
94,User_94
95,User_95
96,User_96
97,User_97
98,User_98
99,User_99
100,User_100
101,User_101
102,User_102
103,User_103
104,User_104
105,User_105
106,User_106
107,User_107
108,User_108
109,User_109
110,User_110
111,User_111
112,User_112
113,User_113
114,User_114
115,User_115
116,User_116
117,User_117
118,User_118
119,User_119
120,User_120
